"qseqid","superkingdom","phylum","class","order","family","genus","species","pident","evalue","qcovs","length","longueur_sequence_pb","sequence"
"VS-15-Premixed.ab1","Bacteria","Pseudomonadota","Gammaproteobacteria","Alteromonadales","Shewanellaceae","Shewanella","Shewanella marinisediminis",97.536,0,99,1055,1063,"CGTGGTAACGCCCTCCCGAAGGTTAAGCTATCTACTTCTGGTGCAGCCCACTCCCATGGTGTGACGGGCGGTGTGTACAAGGCCCGGGAACGTATTCACCGTGGCATTCTGATCCACGATTACTAGCGATTCCGACTTCATGGAGTCGAGTTGCAGACTCCAATCCGGACTACGACCGGCTTTGTGAGATTAGCTCCACCTCGCGGCTTCGCAACCCTCTGTACCGACCATTGTAGCACGTGTGTAGCCCTACTCGTAAGGGCCATGATGACTTGACGTCGTCCCCACCTTCCTCCGGTTTATCACCGGCAGTCTCCCTAAAGTTCCCACCATTACGTGCTGGCAAATAAGGATAAGGGTTGCGCTCGTTGCGGGACTTAACCCAACATTTCACAACACGAGCTGACGACAGCCATGCAGCACCTGTCTCACAGTTCCCGAAGGCACCAAACCATCTCTGGTAAGTTCTGTGGATGTCAAGAGTAGGTAAGGTTCTTCGCGTTGCATCGAATTAAACCACATGCTCCACCGCTTGTGCGGGCCCCCGTCAATTCATTTGAGTTTTAACCTTGCGGCCGTACTCCCCAGGCGGTCTACTTAATGCGTTAGCTTGGGAACCCAGTAACTAAGTTACCAAATTCCGAGTAGACATCGTTTACGGCGTGGACTACCAGGGTATCTAATCCTGTTTGCTCCCCACGCTTTCGTACATGAGCGTCAGTCTTTGTCCAGGGGGCCGCCTTCGCCACCGGTATTCCTTCAGATCTCTACGCATTTCACCGCTACACCTGAAATTCTACCCCCCTCTACAAGACTCTAGTTCCCCAGTTCCAAATGCTATTCCCAGGTTGAGCCCGGGGCTTTCACATCTGGCTTAAAAAACCGCCTGCGTACGCTTTACGCCCAGTAATTCCGATTAACGCTTGCACCCCTCGTATTACCGCGGCTGCTGGCACGAAGTTAGCCGGTGCTTCTTCTGCGAGTAACGTCACAGCAAGCCGCTAATAACGACCTACCTTTTCCTCCTCGCTGAAAGTGCTTTACAACCCGAAGGCCTTCTTCA"
"VS-34-Premixed.ab1","Bacteria","Bacteroidota","Flavobacteriia","Flavobacteriales","Flavobacteriaceae","Cellulophaga","Cellulophaga baltica",99.813,0,100,1070,1069,"GCTCCTTACGGTGACGGACTTCAGGCACTCCCGGCTTCCATGGCTTGACGGGCGGTGTGTACAAGGCCCGGGAACGTATTCACCGGATCATGGCTGATATCCGATTACTAGCGATTCCAGCTTCACGGAGTCGAGTTGCAGACTCCGATCCGAACTGTGATCGGTTTTATAGATTCGCTCCTTATCGCTAAGTGGCTGCTCTCTGTACCGACCATTGTAGCACGTGTGTGGCCCAGGACGTAAGGGCCGTGATGATTTGACGTCATCCCCACCTTCCTCACGGTTTGCACCGGCAGTCTCGTTAGAGTCCCCATCATGACATGCTGGCAACTAACGACAGGGGTTGCGCTCGTTATAGGACTTAACCTGACACCTCACGGCACGAGCTGACGACAACCATGCAGCACCTTGTAAATTGTCCGAAGAAAAGTCTATCTCTAAACCTGTCAATCTACATTTAAGCCCTGGTAAGGTTCCTCGCGTATCATCGAATTAAACCACATGCTCCACCGCTTGTGCGGGCCCCCGTCAATTCCTTTGAGTTTCATTCTTGCGAACGTACTCCCCAGGTGGGATACTTATCACTTTCGCTTGGCCGCTCAGTCCGAAAACCGAACAGCTAGTATCCATCGTTTACGGCGTGGACTACCAGGGTATCTAATCCTGTTCGCTACCCACGCTTTCGTCCATCAGCGTCAGTGTATAGTTAGTGACCTGCCTTCGCAATCGGTATTCTAAGTAATATCTATGCATTTCACCGCTACACTACTTATTCTAGCCACTTCACTATAACTCAAGACCGCCAGTATCAAAGGCAGTGCATACGGTTGAGCCGCAGCATTTCACCTCTGACTTAACAGCCCGCCTACGGACCCTTTAAACCCAATAATTCCGGATAACGCTCGGACCCTCCGTATTACCGCGGCTGCTGGCACGGAGTTAGCCGGTCCTTATTCTTACAGTACCGTCATCAATCTACACGTAGATCTTATTCTTCCTGTATAAAAGTAGTTTACAACCCATAGGGCAGTCTTCCTACACGCGGCATGGCTGGATCAGACTTCCGTCC"
"VS-36-Premixed.ab1","Bacteria","Bacillota","Bacilli","Bacillales","Bacillaceae","Bacillus","Bacillus anthracis",100,1.38e-21,92,56,1078,"CGGCTGGCTCAAAAAGGTTACCCCACCGACTTCGGGTGTTACAAACTCTCGTGGTGTGACGGGCGGTGTGTACAAGGCCCGGGAACGTATTCACCGCGGCATGCTGATCCGCGATTACTAGCGATTCCAGCTTCATGTAGGCGAGTTGCAGCCTACAATCCGAACTGAGAACGGTTTTATGAGATTAGCTCCACCTCGCGGTCTTGCAGCTCTTTGTACCGTCCATTGTAGCACGTGTGTAGCCCAGGTCATAAGGGGCATGATGATTTGACGTCATCCCCACCTTCCTCCGGTTTGTCACCGGCAGTCACCTTAGAGTGCCCAACTTAATGATGGCAACTAAGATCAAGGGTTGCGCTCGTTGCGGGACTTAACCCAACATCTCACGACACGAGCTGACGACAACCATGCACCACCTGTCACTCTGCCCCCGAAGGGGAAGCCCTATCTCTAGGGTTGTCAGAGGATGTCAAGACCTGGTAAGGTTCTTCGCGTTGCTTCGAATTAAACCACATGCTCCACCGCTTGTGCGGGCCCCCGTCAATTCCTTTGAGTTTCAGCCTTGCGGCCGTACTCCCCAGGCGGAGTGCTTAATGCGTTAACTTCAGCACTAAAGGGCGGAAACCCTCTAACACTTAGCACTCATCGTTTACGGCGTGGACTACCAGGGTATCTAATCCTGTTTGCTCCCCACGCTTTCGCGCCTCAGTGTCAGTTACAGACCAGAAAGTCGCCTTCGCCACTGGTGTTCCTCCATATCTCTACGCATTTCACCGCTACACATGGAATTCCACTTTCCTCTTCTGCACTCAAGTCTCCCAGTTTCCAATGACCCTCCACGGTTGAGCCGTGGGCTTTCACATCAGACTTAAGAAACCACCTGCGCGCGCTTTACGCCCAATAATTCCGGATAACGCTTGCCACCTACGTATTACCGCGGCTGCTGGCACGTAGTTAGCCGTGGCTTTCTGGTTAGGTACCGTCAAGGTGCCAGCTTATTCAACTAGCACTTGTTCTTCCCTAACAACAGAGTTTTACGACCCGAAAGCCTTCATCACTCACGCGGCGTTGCTCCGTC"
"VS-36-Premixed.ab1","Bacteria","Bacillota","Bacilli","Bacillales","Bacillaceae","Bacillus","Bacillus anthracis",100,1.38e-21,91,56,1078,"CGGCTGGCTCAAAAAGGTTACCCCACCGACTTCGGGTGTTACAAACTCTCGTGGTGTGACGGGCGGTGTGTACAAGGCCCGGGAACGTATTCACCGCGGCATGCTGATCCGCGATTACTAGCGATTCCAGCTTCATGTAGGCGAGTTGCAGCCTACAATCCGAACTGAGAACGGTTTTATGAGATTAGCTCCACCTCGCGGTCTTGCAGCTCTTTGTACCGTCCATTGTAGCACGTGTGTAGCCCAGGTCATAAGGGGCATGATGATTTGACGTCATCCCCACCTTCCTCCGGTTTGTCACCGGCAGTCACCTTAGAGTGCCCAACTTAATGATGGCAACTAAGATCAAGGGTTGCGCTCGTTGCGGGACTTAACCCAACATCTCACGACACGAGCTGACGACAACCATGCACCACCTGTCACTCTGCCCCCGAAGGGGAAGCCCTATCTCTAGGGTTGTCAGAGGATGTCAAGACCTGGTAAGGTTCTTCGCGTTGCTTCGAATTAAACCACATGCTCCACCGCTTGTGCGGGCCCCCGTCAATTCCTTTGAGTTTCAGCCTTGCGGCCGTACTCCCCAGGCGGAGTGCTTAATGCGTTAACTTCAGCACTAAAGGGCGGAAACCCTCTAACACTTAGCACTCATCGTTTACGGCGTGGACTACCAGGGTATCTAATCCTGTTTGCTCCCCACGCTTTCGCGCCTCAGTGTCAGTTACAGACCAGAAAGTCGCCTTCGCCACTGGTGTTCCTCCATATCTCTACGCATTTCACCGCTACACATGGAATTCCACTTTCCTCTTCTGCACTCAAGTCTCCCAGTTTCCAATGACCCTCCACGGTTGAGCCGTGGGCTTTCACATCAGACTTAAGAAACCACCTGCGCGCGCTTTACGCCCAATAATTCCGGATAACGCTTGCCACCTACGTATTACCGCGGCTGCTGGCACGTAGTTAGCCGTGGCTTTCTGGTTAGGTACCGTCAAGGTGCCAGCTTATTCAACTAGCACTTGTTCTTCCCTAACAACAGAGTTTTACGACCCGAAAGCCTTCATCACTCACGCGGCGTTGCTCCGTC"
"VS-37-Premixed.ab1","Bacteria","Bacteroidota","Cytophagia","Cytophagales","Cyclobacteriaceae","Algoriphagus","Algoriphagus winogradskyi",99.408,0,100,1013,1013,"GGTTACTGCCTTCAGGTCTACCCAACTTCCATGGCTTGACGGGCGGTGTGTACAAGGTCCGGGAACGTATTCACCGCGCCATGGCTGATGCGCGATTACTAGCGATTCCAGCTTCACGGGGTCGAGTTGCAGACCCCGATCCGAACTGAGACGCACTTTTAGAGGTTGGCATCCTGTTGCCAGGTAGCTACCCGCTGTATGCGCCATTGTAGCACGTGTGTCGCCCTGGGCGTAAGGGCCATGATGACCTGACGTCGTCCCCTCCTTCCTCTCTGCTTGCGCAGGCAGTCTGTCTAGAGTCCCCACCATTACGTGCTGGCAACTAAACATAGGGGTTGCGCTCGTTGCGGGACTTAACCCAACACCTCACGGCACGAGCTGACGACGGCCATGCAGCACCTTGTTTCGGGTCATTGCTGACTGATCTGTCTCCAAACCATTCCCTCACATTCTAGCCCAGGTAAGGTTCCTCGCGTATCATCGAATTAAACCACATGCTCCACCGCTTGTGCGGACCCCCGTCAATTCCTTTGAGTTTCACTCTTGCGAGCGTACTCCCCAGGTGGATTACTTAACGCTTTCGCTTGGCCGCTACAACATAAAGCCATAACAGCGAGTAATCATCGTTTACGGCATGGACTACCAGGGTATCTAATCCTGTTCGCTACCCATGCTTTCGTGCATCAGCGTCAGTTATTGGCCAGTACAATGCCTTCGCTATCGGTGTTCCTGATGGTATCTATGCATTTCACCGCTACACCATCAATTCCATGTACCCCTCCAATACTCAAGCTATCCAGTATCAATGGCACTGCTCCGGTTGAGCCGGAGTCTTTCACCACTGACTTAAATAGCCGCCTACGCACCCTTTAAACCCAATAAATCCGGACAACGCTTGCACCCTCCGTATTACCGCGGCTGCTGGCACGGAGTTAGCCGGTGCTTATTCATCTGGTACCGGCAATTTCCCTCGCAAGGGCATTTTCTTCCCAGATAAAAGCAGTTTACAACGC"
"VS-45-Premixed.ab1","Bacteria","Pseudomonadota","Gammaproteobacteria","Chromatiales","Chromatiaceae","Rheinheimera","Rheinheimera baltica",99.409,0,100,1015,1013,"CGCCCTCCCGAAGGTTAAGCTACCTACTTCTTTTGCAACCCACTCCCATGGTGTGACGGGCGGTGTGTACAAGGCCCGGGAACGTATTCACCGCAACATTCTGATTTGCGATTACTAGCGATTCCGACTTCACGCAGTCGAGTTGCAGACTGCGATCCGGACTACGATATGCTTTAAGAGATCCGCTCACTGTCGCCAGCTTGCCTCCCTCTGTACATACCATTGTAGCACGTGTGTAGCCCTACTCGTAAGGGCCATGATGACTTGACGTCGTCCCCACCTTCCTCCGGTTTATCACCGGCAGTCTCCCTAGAGTTCCCACCATTACGTGCTGGCAACTAAGGATAAGGGTTGCGCTCGTTGCGGGACTTAACCCAACATTTCACAACACGAGCTGACGACAGCCATGCAGCACCTGTCTTACGGTTCCCGAAGGCACAAACACATCTCTGCGTTCTTCCGTAGATGTCAAGAGTAGGTAAGGTTCTTCGCGTTGCGTCGAATTAAACCACATGCTCCACCGCTTGTGCGGGCCCCCGTCAATTCATTTGAGTTTTAATCTTGCGACCGTACTCCCCAGGCGGTCTACTTAGTGCGTTAGCTGCGCTACTCACGGTACAAGACCACGAACAGCTAGTAGACATCGTTTACGGCGTGGACTACCAGGGTATCTAATCCTGTTTGCTCCCCACGCTTTCGCACCTGAGCGTCAGTATTGTGCCAGGGGGCCGCCTTCGCCACTGGTATTCCTCCAAATCTCTACGCATTTCACCGCTACACTTGGAATTCTACCCCCCTCTCACATACTCTAGTTTGCCAGTTTTGAATGCAATTCCCAGGTTGAGCCCGGGGCTTTCACATCCAACTTAACAAACCGCCTACGTGCGCTTTACGCCCAGTAATTCCGATTAACGCTTGCACCCTCCGTATTACCGCGGCTGCTGGCACGGAGTTAGCCGGTGCTTCTTCTGCGAGTAACGTCAAAAGACGCAGCTATTAACTACATCCCCTTC"
"VS-48-Premixed.ab1","Bacteria","Pseudomonadota","Gammaproteobacteria","Alteromonadales","Pseudoalteromonadaceae","Pseudoalteromonas","Pseudoalteromonas ulvae",98.746,0,98,1037,1054,"GTAACCGCCCTCCCGAAGGTTAAGCTAGCTACTTCTGGTGCAACCCACTCCCATGGTGTGACGGGCGGTGTGTACAAGGCCCGGGAACGTATTCACCGCAACATTCTGATTTGCGATTACTAGCGATTCCGACTTCATGGAGTCGAGTTGCAGACTCCAATCCGGACTACGACGAGCTTTAAGGGATTCGCTCACTATCGCTAGCTTGCTGCCCTCTGTACTCGCCATTGTAGCACGTGTGTAGCCCTACACGTAAGGGCCATGATGACTTGACGTCGTCCCCACCTTCCTCCGGTTTATCACCGGCAGTCTCCTTAGAGTTCCCGACATTACTCGCTGGCAACTAAGGATAGGGGTTGCGCTCGTTGCGGGACTTAACCCAACATCTCACAACACGAGCTGACGACAGCCATGCAGCACCTGTCTCAGAGTTCCCGAAGGCACAAAGCTATCTCTAGCGATTTCTCTGGATGTCAAGTGTAGGTAAGGTTCTTCGCGTTGCATCGAATTAAACCACATGCTCCACCGCTTGTGCGGGCCCCCGTCAATTCATTTGAGTTTTAACCTTGCGGCCGTACTCCCCAGGCGGTCTACTTAATGCGTTAGCTTTGAAAAAGTTGTCCGAGGACCCCAGCTTCTAGTAGACATCGTTTACGGCGTGGACTACCAGGGTATCTAATCCTGTTTGCTCCCCACGCTTTCGTACATGAGCGTCAGTGTTGACCCAGGTGGCTGCCTTCGCCATCGGTATTCCTTCAGATCTCTACGCATTTCACCGCTACACCTGAAATTCTACCACCCTCTATCACACTCTAGTTGACCAGTTCGAAATGCAGTTCCCAGGTTGAGCCCGGGGCTTTCACATCTCGCTTAATCAACCGCCTGCGTACGCTTTACGCCCAGTAATTCCGATTAACGCTCGCACCCTCCGTATTACCGCGGCTGCTGGCACGGAGTTAGCCGGTGCTTCTTCTGTCAGTAACGTCACAGCTACGCTCTATTAAAACGTAACCTTTCCTCCTGACTGAAAGTGCTTTACAACCCGAAGGCCTTC"
"VS-49-Premixed.ab1","Bacteria","Pseudomonadota","Gammaproteobacteria","Alteromonadales","Alteromonadaceae","Paraglaciecola","Paraglaciecola mesophila",99.569,0,100,1161,1161,"ACCGTCCTCCCGAAGGTTAAACTAGCTACTTCTTTTGCAACCCACTCCCATGGTGTGACGGGCGGTGTGTACAAGGCCCGGGAACGTATTCACCGCAACATTCTGATTTGCGATTACTAGCGATTCCGACTTCATGGAGTCGAGTTGCAGACTCCAATCCGGACTACGACGAGCTTTAAGGGATCCGCTTACTCTCGCAAGTTTGCTTCCCTCTGTACTCGCCATTGTAGCACGTGTGTAGCCCTACTCGTAAGGGCCATGATGACTTGACGTCGTCCCCACCTTCCTCCGGTTTGTCACCGGCAGTCTCCTTAGAGTGCCCAACTTAAGGCTGGCAACTAAGGACAGGGGTTGCGCTCGTTGCGGGACTTAACCCAACATCTCACGACACGAGCTGACGACAGCCATGCAGCACCTGTATCTAGATTCCCGAAGGCACCAATTCATCTCTGAAAAGTTTCTAGTATGTCAAGAGTAGGTAAGGTTCTTCGCGTTGCATCGAATTAAACCACATGCTCCACCGCTTGTGCGGGCCCCCGTCAATTCATTTGAGTTTTAACCTTGCGGCCGTACTCCCCAGGCGGTCTACTTATCGCGTTAGCTTCGCTACTCACGGATTAAATCCACAAACAGCTAGTAGACAGCGTTTACGGTGTGGACTACCAGGGTATCTAATCCTGTTCGCTACCCACACTTTCGCACATGAGCGTCAGTTACTGACCAGGGAGTCGCCTTCGCCACTGATGTTCCTCCAGATATCTACGCATTTCACCGCTACACCTGGAATTCCACTCCCCTCTCCAAAACTCTAGCCTGCCAGTTCTAAATGCAATTCCCAGGTTGAGCCCAGGGCTTTCACATCTAGCTTAACAAACCGCCTGCGTGCGCTTTACGCCCAGTAATTCCGATTAACGCTCGGACCCTCCGTATTACCGCGGCTGCTGGCACGGAGTTAGCCGGTCCTTCTTCTGTTGCTAACGTCACAGCTAACGGGTATTAACCGTTAACCTTTCCTCACAACTGAAAGTGCTTTACAACCCGAAGGCCTTCTTCACACACGCGGCATGGCTGCATCAGGGTTTCCCCCATTGTGCAATATTCCCCACTGCTGCCTCCCGTAGGAGTCTGGACCGTGTCTCAGTTCCAGTGTGGCTGATCTTC"
"VS-55-Premixed.ab1","Bacteria","Bacteroidota","Flavobacteriia","Flavobacteriales","Flavobacteriaceae","Flavobacterium","Flavobacterium jumunjinense",99.812,0,100,1063,1063,"GCTCCTTGCGGTCACCGACTTCAGGTACCCCCAGCTTCCATGGCTTGACGGGCGGTGTGTACAAGGCCCGGGAACGTATTCACCGGATCATGGCTGATATCCGATTACTAGCGATTCCAGCTTCACGGAGTCGAGTTGCAGACTCCGATCCGAACTGAGACCGGTTTTGAAGATTCGCATCTAGTCGCCTAGTAGCTGCTCTCTGTACCGGCCATTGTAGCACGTGTGTGGCCCAGGACGTAAGGGCCGTGATGATTTGACGTCATCCCCACCTTCCTCGCGGTTTGCACCGGCAGTCTCGTTAGAGTTCCCGACATGACTCGCTGGCAACTAACGACAGGGGTTGCGCTCGTTATAGGACTTAACCTGACACCTCACGGCACGAGCTGACGACAACCATGCAGCACCTTGAAAGACGTCCGAAGAAAAAACTGTTTCCAGTCCTGTCGTCTCCCATTTAAGCCCTGGTAAGGTTCCTCGCGTATCATCGAATTAAACCACATGCTCCACCGCTTGTGCGGGCCCCCGTCAATTCCTTTGAGTTTCACACTTGCGTGCGTACTCCCCAGGTGGGATACTTATCACTTTCGCTTAGCCACTCAGTCCGAAGACCGAACAGCTAGTATCCATCGTTTACGGCGTGGACTACCAGGGTATCTAATCCTGTTCGCTACCCACGCTTTCGTCCATCAGCGTCAATCCATTAGTAGTAACCTGCCTTCGCAATTGGTATTCCATGTAATATCTAAGCATTTCACCGCTACACTACATATTCTAGTTACTTCCTAAAAATTCAAGCCCTACAGTATCAATGGCAGTTTCCTAGTTGAGCTAGGAGATTTCACCACTGACTTATAAGGCCGCCTACGGACCCTTTAAACCCAATGATTCCGGATAACGCTTGGATCCTCCGTATTACCGCGGCTGCTGGCACGGAGTTAGCCGATCCTTATTCCTACAGTACCGTCAAGCTGCTACACGTAGCAGTGTTTCTTCCTGTATAAAAGCAGTTTACAACCCATAGGGCAGTCATCCTGCACGCGGCATGGCTGGATCAGGCTTG"
"VS-6-Premixed.ab1","Bacteria","Pseudomonadota","Gammaproteobacteria","Alteromonadales",NA,"Motilimonas","Motilimonas cestriensis",99.729,0,100,1107,1107,"TTAAACTACCTACTTCTTTTGCAGCCCACTCCCATGGTGTGACGGGCGGTGTGTACAAGGCCCGGGAACGTATTCACCGCGGCATTCTGATCCACGATTACTAGCGATTCCGACTTCATGGAGTCGAGTTGCAGACTCCAATCCGGACTACGACGGACTTTTTGGGATTCGCACACTCTCGCAAGTTAGCTGCCCTTTGTATCCGCCATTGTAGCACGTGTGTAGCCCTACTCGTAAGGGCCATGATGACTTGACGTCGTCCCCACCTTCCTCCGGTTTATCACCGGCAGTCTCCCTAGAGTTCCCACCATTACGTGCTGGCAACTAAGGATAGGGGTTGCGCTCGTTGCGGGACTTAACCCAACATTTCACAACACGAGCTGACGACAGCCATGCAGCACCTGTCTCACGGTTCCCGAAGGCACTAAAGCATCTCTGCTAAATTCCGTGGATGTCAAGAGTAGGTAAGGTTCTTCGCGTTGCATCGAATTAAACCACATGCTCCACCGCTTGTGCGGGCCCCCGTCAATTCATTTGAGTTTTAACCTTGCGGCCGTACTCCCCAGGCGGTCTATTTAATGCGTTAGCTTTGGAGCCCACGGCATATAGCCACAAACTCCTAATAGACATCGTTTACTGCGTGGACTACCGGGGTATCTAATCCCGTTTGCTACCCACGCCTTCGCGTCTCAGTGTCAGTTATTGGCCAGGTGGTCGCCTTCGCCACCGGTATTCCTTCAGATCTCTACGCATTTCACCGCTACACCTGAAATTCTACCACCCTCTACAAAACTCTAGCCTGCCAGTTCCAAATGCAGTTCCCAGGTTGAGCCCGGGGCTTTCACATCTGGCTTAACAAGCCACCTACACGCGCTTTACGCCCAGTAATTCCGATTAACGCTTGCACCCTCCGTATTACCGCGGCTGCTGGCACGGAGTTAGCCGGTGCTTCTTCTGTCGCTAACGTCACAGCAACGTGCTATTAACACGCTACCTTTCCTCACGACTGAAAGTGCTTTACAACCCGAAGGCCTTCTTCACACACGCGGCATGGCTGCATCAGGCTTGCGCCCATTGTGCAATATTCCCCACTGCTGCCTCCCGTAG"
"VS-77-Premixed.ab1","Bacteria","Bacillota","Bacilli","Bacillales","Bacillaceae","Bacillus","Bacillus hominis",100,0,100,1035,1035,"CCCACCGACTTCGGGTGTTACAAACTCTCGTGGTGTGACGGGCGGTGTGTACAAGGCCCGGGAACGTATTCACCGCGGCATGCTGATCCGCGATTACTAGCGATTCCAGCTTCATGTAGGCGAGTTGCAGCCTACAATCCGAACTGAGAACGGTTTTATGAGATTAGCTCCACCTCGCGGTCTTGCAGCTCTTTGTACCGTCCATTGTAGCACGTGTGTAGCCCAGGTCATAAGGGGCATGATGATTTGACGTCATCCCCACCTTCCTCCGGTTTGTCACCGGCAGTCACCTTAGAGTGCCCAACTTAATGATGGCAACTAAGATCAAGGGTTGCGCTCGTTGCGGGACTTAACCCAACATCTCACGACACGAGCTGACGACAACCATGCACCACCTGTCACTCTGCTCCCGAAGGAGAAGCTCTATCTCTAGAGTTTTCAGAGGATGTCAAGACCTGGTAAGGTTCTTCGCGTTGCTTCGAATTAAACCACATGCTCCACCGCTTGTGCGGGCCCCCGTCAATTCCTTTGAGTTTCAGCCTTGCGGCCGTACTCCCCAGGCGGAGTGCTTAATGCGTTAACTTCAGCACTAAAGGGCGGAAACCCTCTAACACTTAGCACTCATCGTTTACGGCGTGGACTACCAGGGTATCTAATCCTGTTTGCTCCCCACGCTTTCGCGCCTCAGTGTCAGTTACAGACCAGAAAGTCGCCTTCGCCACTGGTGTTCCTCCATATCTCTACGCATTTCACCGCTACACATGGAATTCCACTTTCCTCTTCTGCACTCAAGTCTCCCAGTTTCCAATGACCCTCCACGGTTGAGCCGTGGGCTTTCACATCAGACTTAAGAAACCACCTGCGCGCGCTTTACGCCCAATAATTCCGGATAACGCTTGCCACCTACGTATTACCGCGGCTGCTGGCACGTAGTTAGCCGTGGCTTTCTGGTTAGGTACCGTCAAGGTGCCAGCTTATTCAACTAGCACTTGTTCTTCCCTAACAACAGAGTTTTACGACCCGAAAGCCTTCATC"
"VS-77-Premixed.ab1","Bacteria","Bacillota","Bacilli","Bacillales","Bacillaceae","Bacillus","Bacillus mycoides",100,0,100,1035,1035,"CCCACCGACTTCGGGTGTTACAAACTCTCGTGGTGTGACGGGCGGTGTGTACAAGGCCCGGGAACGTATTCACCGCGGCATGCTGATCCGCGATTACTAGCGATTCCAGCTTCATGTAGGCGAGTTGCAGCCTACAATCCGAACTGAGAACGGTTTTATGAGATTAGCTCCACCTCGCGGTCTTGCAGCTCTTTGTACCGTCCATTGTAGCACGTGTGTAGCCCAGGTCATAAGGGGCATGATGATTTGACGTCATCCCCACCTTCCTCCGGTTTGTCACCGGCAGTCACCTTAGAGTGCCCAACTTAATGATGGCAACTAAGATCAAGGGTTGCGCTCGTTGCGGGACTTAACCCAACATCTCACGACACGAGCTGACGACAACCATGCACCACCTGTCACTCTGCTCCCGAAGGAGAAGCTCTATCTCTAGAGTTTTCAGAGGATGTCAAGACCTGGTAAGGTTCTTCGCGTTGCTTCGAATTAAACCACATGCTCCACCGCTTGTGCGGGCCCCCGTCAATTCCTTTGAGTTTCAGCCTTGCGGCCGTACTCCCCAGGCGGAGTGCTTAATGCGTTAACTTCAGCACTAAAGGGCGGAAACCCTCTAACACTTAGCACTCATCGTTTACGGCGTGGACTACCAGGGTATCTAATCCTGTTTGCTCCCCACGCTTTCGCGCCTCAGTGTCAGTTACAGACCAGAAAGTCGCCTTCGCCACTGGTGTTCCTCCATATCTCTACGCATTTCACCGCTACACATGGAATTCCACTTTCCTCTTCTGCACTCAAGTCTCCCAGTTTCCAATGACCCTCCACGGTTGAGCCGTGGGCTTTCACATCAGACTTAAGAAACCACCTGCGCGCGCTTTACGCCCAATAATTCCGGATAACGCTTGCCACCTACGTATTACCGCGGCTGCTGGCACGTAGTTAGCCGTGGCTTTCTGGTTAGGTACCGTCAAGGTGCCAGCTTATTCAACTAGCACTTGTTCTTCCCTAACAACAGAGTTTTACGACCCGAAAGCCTTCATC"
"VS-77-Premixed.ab1","Bacteria","Bacillota","Bacilli","Bacillales","Bacillaceae","Bacillus","Bacillus mycoides",100,0,100,1035,1035,"CCCACCGACTTCGGGTGTTACAAACTCTCGTGGTGTGACGGGCGGTGTGTACAAGGCCCGGGAACGTATTCACCGCGGCATGCTGATCCGCGATTACTAGCGATTCCAGCTTCATGTAGGCGAGTTGCAGCCTACAATCCGAACTGAGAACGGTTTTATGAGATTAGCTCCACCTCGCGGTCTTGCAGCTCTTTGTACCGTCCATTGTAGCACGTGTGTAGCCCAGGTCATAAGGGGCATGATGATTTGACGTCATCCCCACCTTCCTCCGGTTTGTCACCGGCAGTCACCTTAGAGTGCCCAACTTAATGATGGCAACTAAGATCAAGGGTTGCGCTCGTTGCGGGACTTAACCCAACATCTCACGACACGAGCTGACGACAACCATGCACCACCTGTCACTCTGCTCCCGAAGGAGAAGCTCTATCTCTAGAGTTTTCAGAGGATGTCAAGACCTGGTAAGGTTCTTCGCGTTGCTTCGAATTAAACCACATGCTCCACCGCTTGTGCGGGCCCCCGTCAATTCCTTTGAGTTTCAGCCTTGCGGCCGTACTCCCCAGGCGGAGTGCTTAATGCGTTAACTTCAGCACTAAAGGGCGGAAACCCTCTAACACTTAGCACTCATCGTTTACGGCGTGGACTACCAGGGTATCTAATCCTGTTTGCTCCCCACGCTTTCGCGCCTCAGTGTCAGTTACAGACCAGAAAGTCGCCTTCGCCACTGGTGTTCCTCCATATCTCTACGCATTTCACCGCTACACATGGAATTCCACTTTCCTCTTCTGCACTCAAGTCTCCCAGTTTCCAATGACCCTCCACGGTTGAGCCGTGGGCTTTCACATCAGACTTAAGAAACCACCTGCGCGCGCTTTACGCCCAATAATTCCGGATAACGCTTGCCACCTACGTATTACCGCGGCTGCTGGCACGTAGTTAGCCGTGGCTTTCTGGTTAGGTACCGTCAAGGTGCCAGCTTATTCAACTAGCACTTGTTCTTCCCTAACAACAGAGTTTTACGACCCGAAAGCCTTCATC"
"VS-77-Premixed.ab1","Bacteria","Bacillota","Bacilli","Bacillales","Bacillaceae","Bacillus","Bacillus mycoides",100,0,100,1035,1035,"CCCACCGACTTCGGGTGTTACAAACTCTCGTGGTGTGACGGGCGGTGTGTACAAGGCCCGGGAACGTATTCACCGCGGCATGCTGATCCGCGATTACTAGCGATTCCAGCTTCATGTAGGCGAGTTGCAGCCTACAATCCGAACTGAGAACGGTTTTATGAGATTAGCTCCACCTCGCGGTCTTGCAGCTCTTTGTACCGTCCATTGTAGCACGTGTGTAGCCCAGGTCATAAGGGGCATGATGATTTGACGTCATCCCCACCTTCCTCCGGTTTGTCACCGGCAGTCACCTTAGAGTGCCCAACTTAATGATGGCAACTAAGATCAAGGGTTGCGCTCGTTGCGGGACTTAACCCAACATCTCACGACACGAGCTGACGACAACCATGCACCACCTGTCACTCTGCTCCCGAAGGAGAAGCTCTATCTCTAGAGTTTTCAGAGGATGTCAAGACCTGGTAAGGTTCTTCGCGTTGCTTCGAATTAAACCACATGCTCCACCGCTTGTGCGGGCCCCCGTCAATTCCTTTGAGTTTCAGCCTTGCGGCCGTACTCCCCAGGCGGAGTGCTTAATGCGTTAACTTCAGCACTAAAGGGCGGAAACCCTCTAACACTTAGCACTCATCGTTTACGGCGTGGACTACCAGGGTATCTAATCCTGTTTGCTCCCCACGCTTTCGCGCCTCAGTGTCAGTTACAGACCAGAAAGTCGCCTTCGCCACTGGTGTTCCTCCATATCTCTACGCATTTCACCGCTACACATGGAATTCCACTTTCCTCTTCTGCACTCAAGTCTCCCAGTTTCCAATGACCCTCCACGGTTGAGCCGTGGGCTTTCACATCAGACTTAAGAAACCACCTGCGCGCGCTTTACGCCCAATAATTCCGGATAACGCTTGCCACCTACGTATTACCGCGGCTGCTGGCACGTAGTTAGCCGTGGCTTTCTGGTTAGGTACCGTCAAGGTGCCAGCTTATTCAACTAGCACTTGTTCTTCCCTAACAACAGAGTTTTACGACCCGAAAGCCTTCATC"
"VS-77-Premixed.ab1","Bacteria","Bacillota","Bacilli","Bacillales","Bacillaceae","Bacillus","Bacillus mycoides",100,0,100,1035,1035,"CCCACCGACTTCGGGTGTTACAAACTCTCGTGGTGTGACGGGCGGTGTGTACAAGGCCCGGGAACGTATTCACCGCGGCATGCTGATCCGCGATTACTAGCGATTCCAGCTTCATGTAGGCGAGTTGCAGCCTACAATCCGAACTGAGAACGGTTTTATGAGATTAGCTCCACCTCGCGGTCTTGCAGCTCTTTGTACCGTCCATTGTAGCACGTGTGTAGCCCAGGTCATAAGGGGCATGATGATTTGACGTCATCCCCACCTTCCTCCGGTTTGTCACCGGCAGTCACCTTAGAGTGCCCAACTTAATGATGGCAACTAAGATCAAGGGTTGCGCTCGTTGCGGGACTTAACCCAACATCTCACGACACGAGCTGACGACAACCATGCACCACCTGTCACTCTGCTCCCGAAGGAGAAGCTCTATCTCTAGAGTTTTCAGAGGATGTCAAGACCTGGTAAGGTTCTTCGCGTTGCTTCGAATTAAACCACATGCTCCACCGCTTGTGCGGGCCCCCGTCAATTCCTTTGAGTTTCAGCCTTGCGGCCGTACTCCCCAGGCGGAGTGCTTAATGCGTTAACTTCAGCACTAAAGGGCGGAAACCCTCTAACACTTAGCACTCATCGTTTACGGCGTGGACTACCAGGGTATCTAATCCTGTTTGCTCCCCACGCTTTCGCGCCTCAGTGTCAGTTACAGACCAGAAAGTCGCCTTCGCCACTGGTGTTCCTCCATATCTCTACGCATTTCACCGCTACACATGGAATTCCACTTTCCTCTTCTGCACTCAAGTCTCCCAGTTTCCAATGACCCTCCACGGTTGAGCCGTGGGCTTTCACATCAGACTTAAGAAACCACCTGCGCGCGCTTTACGCCCAATAATTCCGGATAACGCTTGCCACCTACGTATTACCGCGGCTGCTGGCACGTAGTTAGCCGTGGCTTTCTGGTTAGGTACCGTCAAGGTGCCAGCTTATTCAACTAGCACTTGTTCTTCCCTAACAACAGAGTTTTACGACCCGAAAGCCTTCATC"
"VS-77-Premixed.ab1","Bacteria","Bacillota","Bacilli","Bacillales","Bacillaceae","Bacillus","Bacillus mycoides",100,0,100,1035,1035,"CCCACCGACTTCGGGTGTTACAAACTCTCGTGGTGTGACGGGCGGTGTGTACAAGGCCCGGGAACGTATTCACCGCGGCATGCTGATCCGCGATTACTAGCGATTCCAGCTTCATGTAGGCGAGTTGCAGCCTACAATCCGAACTGAGAACGGTTTTATGAGATTAGCTCCACCTCGCGGTCTTGCAGCTCTTTGTACCGTCCATTGTAGCACGTGTGTAGCCCAGGTCATAAGGGGCATGATGATTTGACGTCATCCCCACCTTCCTCCGGTTTGTCACCGGCAGTCACCTTAGAGTGCCCAACTTAATGATGGCAACTAAGATCAAGGGTTGCGCTCGTTGCGGGACTTAACCCAACATCTCACGACACGAGCTGACGACAACCATGCACCACCTGTCACTCTGCTCCCGAAGGAGAAGCTCTATCTCTAGAGTTTTCAGAGGATGTCAAGACCTGGTAAGGTTCTTCGCGTTGCTTCGAATTAAACCACATGCTCCACCGCTTGTGCGGGCCCCCGTCAATTCCTTTGAGTTTCAGCCTTGCGGCCGTACTCCCCAGGCGGAGTGCTTAATGCGTTAACTTCAGCACTAAAGGGCGGAAACCCTCTAACACTTAGCACTCATCGTTTACGGCGTGGACTACCAGGGTATCTAATCCTGTTTGCTCCCCACGCTTTCGCGCCTCAGTGTCAGTTACAGACCAGAAAGTCGCCTTCGCCACTGGTGTTCCTCCATATCTCTACGCATTTCACCGCTACACATGGAATTCCACTTTCCTCTTCTGCACTCAAGTCTCCCAGTTTCCAATGACCCTCCACGGTTGAGCCGTGGGCTTTCACATCAGACTTAAGAAACCACCTGCGCGCGCTTTACGCCCAATAATTCCGGATAACGCTTGCCACCTACGTATTACCGCGGCTGCTGGCACGTAGTTAGCCGTGGCTTTCTGGTTAGGTACCGTCAAGGTGCCAGCTTATTCAACTAGCACTTGTTCTTCCCTAACAACAGAGTTTTACGACCCGAAAGCCTTCATC"
"VS-77-Premixed.ab1","Bacteria","Bacillota","Bacilli","Bacillales","Bacillaceae","Bacillus","Bacillus anthracis",100,2.25e-09,93,34,1035,"CCCACCGACTTCGGGTGTTACAAACTCTCGTGGTGTGACGGGCGGTGTGTACAAGGCCCGGGAACGTATTCACCGCGGCATGCTGATCCGCGATTACTAGCGATTCCAGCTTCATGTAGGCGAGTTGCAGCCTACAATCCGAACTGAGAACGGTTTTATGAGATTAGCTCCACCTCGCGGTCTTGCAGCTCTTTGTACCGTCCATTGTAGCACGTGTGTAGCCCAGGTCATAAGGGGCATGATGATTTGACGTCATCCCCACCTTCCTCCGGTTTGTCACCGGCAGTCACCTTAGAGTGCCCAACTTAATGATGGCAACTAAGATCAAGGGTTGCGCTCGTTGCGGGACTTAACCCAACATCTCACGACACGAGCTGACGACAACCATGCACCACCTGTCACTCTGCTCCCGAAGGAGAAGCTCTATCTCTAGAGTTTTCAGAGGATGTCAAGACCTGGTAAGGTTCTTCGCGTTGCTTCGAATTAAACCACATGCTCCACCGCTTGTGCGGGCCCCCGTCAATTCCTTTGAGTTTCAGCCTTGCGGCCGTACTCCCCAGGCGGAGTGCTTAATGCGTTAACTTCAGCACTAAAGGGCGGAAACCCTCTAACACTTAGCACTCATCGTTTACGGCGTGGACTACCAGGGTATCTAATCCTGTTTGCTCCCCACGCTTTCGCGCCTCAGTGTCAGTTACAGACCAGAAAGTCGCCTTCGCCACTGGTGTTCCTCCATATCTCTACGCATTTCACCGCTACACATGGAATTCCACTTTCCTCTTCTGCACTCAAGTCTCCCAGTTTCCAATGACCCTCCACGGTTGAGCCGTGGGCTTTCACATCAGACTTAAGAAACCACCTGCGCGCGCTTTACGCCCAATAATTCCGGATAACGCTTGCCACCTACGTATTACCGCGGCTGCTGGCACGTAGTTAGCCGTGGCTTTCTGGTTAGGTACCGTCAAGGTGCCAGCTTATTCAACTAGCACTTGTTCTTCCCTAACAACAGAGTTTTACGACCCGAAAGCCTTCATC"
"VS-77-Premixed.ab1","Bacteria","Bacillota","Bacilli","Bacillales","Bacillaceae","Bacillus","Bacillus anthracis",100,2.25e-09,93,34,1035,"CCCACCGACTTCGGGTGTTACAAACTCTCGTGGTGTGACGGGCGGTGTGTACAAGGCCCGGGAACGTATTCACCGCGGCATGCTGATCCGCGATTACTAGCGATTCCAGCTTCATGTAGGCGAGTTGCAGCCTACAATCCGAACTGAGAACGGTTTTATGAGATTAGCTCCACCTCGCGGTCTTGCAGCTCTTTGTACCGTCCATTGTAGCACGTGTGTAGCCCAGGTCATAAGGGGCATGATGATTTGACGTCATCCCCACCTTCCTCCGGTTTGTCACCGGCAGTCACCTTAGAGTGCCCAACTTAATGATGGCAACTAAGATCAAGGGTTGCGCTCGTTGCGGGACTTAACCCAACATCTCACGACACGAGCTGACGACAACCATGCACCACCTGTCACTCTGCTCCCGAAGGAGAAGCTCTATCTCTAGAGTTTTCAGAGGATGTCAAGACCTGGTAAGGTTCTTCGCGTTGCTTCGAATTAAACCACATGCTCCACCGCTTGTGCGGGCCCCCGTCAATTCCTTTGAGTTTCAGCCTTGCGGCCGTACTCCCCAGGCGGAGTGCTTAATGCGTTAACTTCAGCACTAAAGGGCGGAAACCCTCTAACACTTAGCACTCATCGTTTACGGCGTGGACTACCAGGGTATCTAATCCTGTTTGCTCCCCACGCTTTCGCGCCTCAGTGTCAGTTACAGACCAGAAAGTCGCCTTCGCCACTGGTGTTCCTCCATATCTCTACGCATTTCACCGCTACACATGGAATTCCACTTTCCTCTTCTGCACTCAAGTCTCCCAGTTTCCAATGACCCTCCACGGTTGAGCCGTGGGCTTTCACATCAGACTTAAGAAACCACCTGCGCGCGCTTTACGCCCAATAATTCCGGATAACGCTTGCCACCTACGTATTACCGCGGCTGCTGGCACGTAGTTAGCCGTGGCTTTCTGGTTAGGTACCGTCAAGGTGCCAGCTTATTCAACTAGCACTTGTTCTTCCCTAACAACAGAGTTTTACGACCCGAAAGCCTTCATC"
"VS-80-Premixed.ab1","Bacteria","Pseudomonadota","Gammaproteobacteria","Cellvibrionales","Cellvibrionaceae","Cellvibrio","Cellvibrio ostraviensis",99.213,0,99,1144,1145,"GGTAACCGTCCCCCTTGCGGTTGAGACTAGCTACTTCTTTTGCAACCCACTCCCATGGTGTGACGGGCGGTGTGTACAAGGCCCGGGAACGTATTCACCGTAACGTTCTGATTTACGATTACTAGCGATTCCGACTTCATGGAGTCGAGTTGCAGACTCCAATCCGGACTACGAACAGTTTTATGGGATTAGCTCCACCTCGCGGCTTGGCAACCCTTTGTACTGCCCATTGTAGCACGTGTGTAGCCCAGGTCGTAAGGGCCATGATGACTTGACGTCATCCCCACCTTCCTCCGGTTTGTCACCGGCAGTCTCCTTAGAGTTCCCGCCATTACGCGCTGGCAACTAAGGACAAGGGTTGCGCTCGTTACGGGACTTAACCCAACATCTCACGACACGAGCTGACGACAGCCATGCAGCACCTGTCTTAGAGTTCCCGAAGGCACCAATCCATCTCTGGAAAGCTCTCTAGATGTCAAGACCTGGTAAGGTTCTTCGCGTTGCGTCGAATTAAACCACATGCTCCACCGCTTGTGCGGGCCCCCGTCAATTCATTTGAGTTTTAATCTTGCGACCGTACTCCCCAGGCGGTCTACTTAGTGCGTTAGCTGCGCCACTAAGAGCTCAAGGCTCCCAACGGCTAGTAGACATCGTTTACGGCGTGGACTACCAGGGTATCTAATCCTGTTTGCTCCCCACGCTTTCGTACCTCAGTGTCAGTATGAGTCCAGGGTGTCGCCTTCGCCACTGATGTTCCTCCAGATATCTACGCATTTCACCGCTACACCTGGAATTCCACACCCCTCTACCCTACTCTAGCTTGCCAGTTCCAACTGCAGTGCCCAGGTTGAGCCCGGGGATTTCACAGCTGGCTTAACAAACCACCTACGTACGCTTTACGCCCAGTAATTCCGATTAACGCTTGCACCCTCCGTATTACCGCGGCTGCTGGCACGGAGTTAGCCGGTGCTTCTTCTGTGGGTAACATCAATTAACTCACGTATTAAGTGAATTACCTTTCTCCCCACTGAAAGTGCTTTACAACCCTAAGGCCTTCTTCACACACGCGGCATGGCTGGATCAGGCTTGCGCCCATTGTCCAATATTCCCCACTGCTGCCTCCCGTAGGAGTCTGGACCGGGTCC"
"VS-84-Premixed.ab1","Bacteria","Pseudomonadota","Betaproteobacteria","Burkholderiales","Comamonadaceae","Hydrogenophaga","Hydrogenophaga taeniospiralis",97.28,0,100,956,956,"GCCCTCCTTGCGGTTAGGCTACCGACTTCTCGGCGTAGACCCGCTCCCATGGTGTGACGGGCGGTGTGTACAAGACCCGGGAACGTATTCACCGTGACATGCTGATCCACGATTACTAGCGATTCCGACTTCACGCAGTCGAGTTGCAGACTGCGATCCGGACTACGACCGGCTTTGATGGATTGGCTCCCCCGCGCGGGTTTGCGACCCTTTGTACCGGCCATTGTATGACGTGTGTAGCCCCACGTATAAGGGCCATGAGGACTTGACGTCATCCCCACCTTCCTCCGGTTTGTCACCGGCAGTCTCATTAGAGTGCCCAACTGAATGTAGCAACTAATGACAAGGGTTGCGCTCGTTGCGGGACTTAACCCAACATCTCACGACACGAACTGACGACAGCCATGCAGCACCTGTGTTACGGCTCTCTTTCAAGCACCAATCCATCTCTGGAAACTTCCGTACATGTCAAAGGTGGGTAAGGTTTTTCGCGTTGCATCGAATTAGACCACATCATCCACCGCTTGTGCGGGTCCCCGTCAATTCCTTTGACTTTCAACCTTGCGGCCGTACTCCCCAAGCGGTCAACTTCACGCGTTAGCTTCGTTACTGAGTCAGAAGAGACCCAACAACCAGTTGACATCGTTTACGGCGTGGACTACCAAGGTATCTAATCCTGTTTGCTCCCCACGCTTTCGTGCATGAGCGTCAGTGCAGGCCCAGGGGATTGCCTTCGCCATCGATGTTCCTCCGCATATCTACGCATTTCACTGCTACACGCGGAATTCCATCCACNTCTGCCGCACTCCATCTTTGCAGTCACAAGCGCAATTCACAGGTTGAGCTCGGGGATTTCACGCCTGTCTTACAAAACCGCCTGCGCACGCTTTACGCCCAGTAATTCCGATTAACGCTTGCACTCTACGTATTACCGCGGCTGCTGGCACGTAGTTAGC"
"VS-86-Premixed.ab1","Bacteria","Pseudomonadota","Gammaproteobacteria","Alteromonadales","Alteromonadaceae","Paraglaciecola","Paraglaciecola mesophila",99.798,0,99,990,994,"TGACAAGTGGGTAACCGTCCTCCCGAAGGTTAAACTAGCTACTTCTTTTGCAACCCACTCCCATGGTGTGACGGGCGGTGTGTACAAGGCCCGGGAACGTATTCACCGCAACATTCTGATTTGCGATTACTAGCGATTCCGACTTCATGGAGTCGAGTTGCAGACTCCAATCCGGACTACGACGAGCTTTAAGGGATCCGCTTACTCTCGCAAGTTTGCTTCCCTCTGTACTCGCCATTGTAGCACGTGTGTAGCCCTACTCGTAAGGGCCATGATGACTTGACGTCGTCCCCACCTTCCTCCGGTTTGTCACCGGCAGTCTCCTTAGAGTGCCCAACTTAAGGCTGGCAACTAAGGACAGGGGTTGCGCTCGTTGCGGGACTTAACCCAACATCTCACGACACGAGCTGACGACAGCCATGCAGCACCTGTATCTAGATTCCCGAAGGCACCAATTCATCTCTGAAAAGTTTCTAGTATGTCAAGAGTAGGTAAGGTTCTTCGCGTTGCATCGAATTAAACCACATGCTCCACCGCTTGTGCGGGCCCCCGTCAATTCATTTGAGTTTTAACCTTGCGGCCGTACTCCCCAGGCGGTCTACTTATCGCGTTAGCTTCGCTACTCACGGATTAAATCCACAAACAGCTAGTAGACAGCGTTTACGGTGTGGACTACCAGGGTATCTAATCCTGTTCGCTACCCACACTTTCGCACATGAGCGTCAGTTACTGACCAGGGAGTCGCCTTCGCCACTGATGTTCCTCCAGATATCTACGCATTTCACCGCTACACCTGGAATTCCACTCCCCTCTCCAAAACTCTAGCCTGCCAGTTCTAAATGCAATTCCCAGGTTGAGCCCAGGGCTTTCACATCTAGCTTAACAAACCGCCTGCGTGCGCTTTACGCCCAGTAATTCCGATTAACGCTCGGACCCTCCGTATTACCGCGGCTGCTGGCACGGAGTTAGCCGGTCCTTCTTCTGTTGCTAACGT"
"VS-89-Premixed.ab1","Bacteria","Pseudomonadota","Gammaproteobacteria","Alteromonadales","Alteromonadaceae","Paraglaciecola","Paraglaciecola mesophila",99.555,0,100,1124,1124,"GTAACCGTCCTCCCGAAGGTTAAACTAGCTACTTCTTTTGCAACCCACTCCCATGGTGTGACGGGCGGTGTGTACAAGGCCCGGGAACGTATTCACCGCAACATTCTGATTTGCGATTACTAGCGATTCCGACTTCATGGAGTCGAGTTGCAGACTCCAATCCGGACTACGACGAGCTTTAAGGGATCCGCTTACTCTCGCAAGTTTGCTTCCCTCTGTACTCGCCATTGTAGCACGTGTGTAGCCCTACTCGTAAGGGCCATGATGACTTGACGTCGTCCCCACCTTCCTCCGGTTTGTCACCGGCAGTCTCCTTAGAGTGCCCAACTTAAGGCTGGCAACTAAGGACAGGGGTTGCGCTCGTTGCGGGACTTAACCCAACATCTCACGACACGAGCTGACGACAGCCATGCAGCACCTGTATCTAGATTCCCGAAGGCACCAATTCATCTCTGAAAAGTTTCTAGTATGTCAAGAGTAGGTAAGGTTCTTCGCGTTGCATCGAATTAAACCACATGCTCCACCGCTTGTGCGGGCCCCCGTCAATTCATTTGAGTTTTAACCTTGCGGCCGTACTCCCCAGGCGGTCTACTTATCGCGTTAGCTTCGCTACTCACGGATTAAATCCACAAACAGCTAGTAGACAGCGTTTACGGTGTGGACTACCAGGGTATCTAATCCTGTTCGCTACCCACACTTTCGCACATGAGCGTCAGTTACTGACCAGGGAGTCGCCTTCGCCACTGATGTTCCTCCAGATATCTACGCATTTCACCGCTACACCTGGAATTCCACTCCCCTCTCCAAAACTCTAGCCTGCCAGTTCTAAATGCAATTCCCAGGTTGAGCCCAGGGCTTTCACATCTAGCTTAACAAACCGCCTGCGTGCGCTTTACGCCCAGTAATTCCGATTAACGCTCGGACCCTCCGTATTACCGCGGCTGCTGGCACGGAGTTAGCCGGTCCTTCTTCTGTTGCTAACGTCACAGCTAACGGGTATTAACCGTTAACCTTTCCTCACAACTGAAAGTGCTTTACAACCCGAAGGCCTTCTTCACACACGCGGCATGGCTGCATCAGGGTTTCCCCCATTGTGCAATATTCCCCACTGCTGCCTCCCGTAG"
"VS31_4_1492R-Premixed.ab1","Bacteria","Bacillota","Bacilli","Lactobacillales","Carnobacteriaceae","Carnobacterium","Carnobacterium viridans",98.065,0,100,775,774,"GATTACTAGCGATTCCGGCTTCATGTAGGCGAGTTGCAGCCTACAATCCGAACTGAGAATGGCTTTAAGAGATTAGCTTGGCCTCGCGACCTTGCGACTCGTTGTACCATCCATTGTAGCAAGTGTGTAGCCCAGGTCATAAGGGGCATGATGATTTGACGTCATCCCCACCTTCCTCCGGTTTGTCACCGGCAGTCTCACTAGAGTGCCCAACTAAATGCTGGCAACTAGTAATAAGGGTTGCGCTCGTTGCGGGACTTAACCCAACATCTCACGACACGAGCTGACGACAACCATGCACCACCTGTCACTTTGTCCCCGAAGGGAAAGCTCTATCTCTAGAGTGGTCAAAGGATGTCAAGACCTGGTAAGGTTCTTCGCGTTGCTTCGAATTAAACCACATGCTCCACCGCTTGTGCGGGTCCCCGTCAATTCCTTTGAGTTTCAGCCTTGCGGCCGTACTCCCCAGGCGGAGTGCTTAATGCGTTAGCTGCAGCACTGAAGGGCGGAAACCCTCCAACACTTAGCACTCATCGTTTACGGCGTGGACTACCAGGGTATCTAATCCTGTTTGCTCCCCACGCTTTCGAGCCTCAGCGTCAGTTACAGACCAAAGAGTCGCCTTTCGCCACTGGTGTTCCTCCACATATCTACGCATTTCACCGCTACACGTGGAAATCCACTCTCCTCTTCTGCACTCGAGTTCTCCAGTTTCCAATGACCCTCCCCGGTGGAGCCGGGGGCTTTCACATCAGACTTAAAGAACCGCCTGCG"
"VS3_4_1492R-Premixed.ab1","Bacteria","Bacteroidota","Cytophagia","Cytophagales","Cyclobacteriaceae","Algoriphagus","Algoriphagus aquimarinus",98.185,0,100,1212,1209,"CTAAACAGCTCCTTAACGGTTACTGCCTTCAGGTCTACCCGACTTCCATGGCTTGACGGGCGGTGTGTACAAGGTCCGGGAACGTATTCACCGCGCCATGGCTGATGCGCGATTACTAGCGATTCCAGCTTCATGAGGTCGAGTTGCAGACCTCAATCCGAACTGAGACGCACTTTTAGAGGTTGGCATCCTGTTACCAGGTAGCTACCCGCTGTATGCGCCATTGTAGCACGTGTGTCGCCCTGGGCGTAAGGGCCATGATGACCTGACGTCGTCCCCTCCTTCCTCTCTGCTTGCGCAGGCAGTCTGTCTAGAGTCCCCACCATTACGTGCTGGCAACTAAACATAGGGGTTGCGCTCGTTGCGGGACTTAACCCAACACCTCACGGCACGAGCTGACGACGGCCATGCAGCACCTTGTTTCGGGTCATTGCTGACTGTACTGTCTCCAATACATTCCCTCACATTCTAGCCCAGGTAAGGTTCCTCGCGTATCATCGAATTAAACCACATGCTCCACCGCTTGTGCGGACCCCCGTCAATTCCTTTGAGTTTCACTCTTGCGAGCGTACTCCCCAGGTGGATTACTTAACGCTTTCGCTTGGCCGCTACAACATAAAGCCATAACAGCGAGTAATCATCGTTTACGGCATGGACTACCAGGGTATCTAATCCTGTTCGCTACCCATGCTTTCGTGCATCAGCGTCAGTTATTGGCCAGTACAATGCCTTCGCTATCGGTGTTCCTGATGGTATCTATGCATTTCACCGCTACACCATCAATTCCATGTACCCCTCCAATACTCAAGCTATCCAGTATCAATGGCACTGCTCCGGTTGAGCCGGAGTCTTTCACCACTGACTTAAATAGCCGCCTACGCACCCTTTAAACCCAATAAATCCGGACAACGCTTGCACCCTCCGTATTACCGCGGCTGCTGGCACGGAGTTAGCCGGTGCTTATTCATCTGGTACCGGCAATTTCCCCCGCAGGGGCATTTTCTTCCCAGATAAAGCAGTTTACAACGCAGAACGCCGTCTTCCTGCACGCGGCATGGCTGGGTCAGACTCTCGTCCATTGCCCAAAATTCCCTACTGCTGCCTCCCGTAGGAATCTGGCCCGTATCTCAGTGCCAGTGGGGGGGACCTTCCTCCNGAANCCCCTACGGANNNTAGCCTTGGGGGTCCGTTACCCGCCAACTAACTAAT"
"VS55A_4_1492R-Premixed.ab1","Bacteria","Pseudomonadota","Gammaproteobacteria","Enterobacterales","Yersiniaceae","Rahnella","Rahnella victoriana",99.586,0,98,1209,1228,"GTGGTAAGCGCCCTCCCGAAGGTTAAGCTACCTACTTCTTTTGCAACCCACTCCCATGGTGTGACGGGCGGTGTGTACAAGGCCCGGGAACGTATTCACCGTAGCATTCTGATCTACGATTACTAGCGATTCCGACTTCATGGAGTCGAGTTGCAGACTCCAATCCGGACTACGACATACTTTATGAGGTCCGCTTGCTCTCGCGAGTTTGCTTCTCTTTGTATATGCCATTGTAGCACGTGTGTAGCCCTACTCGTAAGGGCCATGATGACTTGACGTCATCCCCACCTTCCTCCGGTTTATCACCGGCAGTCTCCTTTGAGTTCCCGACATTACTCGCTGGCAACAAAGGATAAGGGTTGCGCTCGTTGCGGGACTTAACCCAACATTTCACAACACGAGCTGACGACAGCCATGCAGCACCTGTCTCAGAGTTCCCGAAGGCACTAAGCTATCTCTAGCGAATTCTCTGGATGTCAAGAGTAGGTAAGGTTCTTCGCGTTGCATCGAATTAAACCACATGCTCCACCGCTTGTGCGGGCCCCCGTCAATTCATTTGAGTTTTAACCTTGCGGCCGTACTCCCCAGGCGGTCGACTTAACGCGTTAGCTCCGGAAGCCACGCCTCAAGGGCACAACCTCCAAGTCGACATCGTTTACAGCGTGGACTACCAGGGTATCTAATCCTGTTTGCTCCCCACGCTTTCGCACCTGAGCGTCAGTCTTTGTCCAGGGGGCCGCCTTCGCCACCGGTATTCCTCCAGATCTCTACGCATTTCACCGCTACACCTGGAATTCTACCCCCCTCTACAAGACTCTAGCTTGCCAGTTTCAAATGCAGTTCCCAAGTTAAGCTCGGGGATTTCACATCTGACTTAACAAACCGCCTGCGTGCGCTTTACGCCCAGTAATTCCGATTAACGCTTGCACCCTCCGTATTACCGCGGCTGCTGGCACGGAGTTAGCCGGTGCTTCTTCTGCGAGTAACGTCAATGTTCAGTGCTATTAACACTGAACCCTTCCTCCTCGCTGAAAGTGCTTTACAACCCTAAGGCCTTCTTCACACACGCGGCATGGCTGCATCAGGCTTGCGCCCATTGTGCAATATTCCCCACTGCTGCCTCCCGTAGGAGTCTGGACCGTGTCTCAGTTCCAGTGNGGGCTGGTCATCCTNTCAANCCAGCTAGGGATCGTCGCCTAGGTGAGCCATTACCTCACCTACTAGCTAA"
