"qseqid","superkingdom","phylum","class","order","family","genus","species","pident","longueur_sequence_pb","sequence"
"MS105-Premixed.ab1","Bacteria","Bacillota","Bacilli","Bacillales","Bacillaceae","Pseudalkalibacillus","Pseudalkalibacillus hwajinpoensis",99.9,999,"AAGGTTACCCCACCGACTTCGGGTGTTACAAACTCTCGTGGTGTGACGGGCGGTGTGTACAAGGCCCGGGAACGTATTCACCGCGGCATGCTGATCCGCGATTACTAGCAATTCCGGCTTCATGCAGGCGAGTTGCAGCCTGCAATCCGAACTGAGAACGGCTTTATGGGATTCGCTTCACCTCGCGGTGTTGCTGCCCTTTGTACCGTCCATTGTAGCACGTGTGTAGCCCAGGTCATAAGGGGCATGATGATTTGACGTCATCCCCACCTTCCTCCGGTTTGTCACCGGCAGTCACCTTAGAGTGCCCAACTAAATGCTGGCAACTAAGATCAAGGGTTGCGCTCGTTGCGGGACTTAACCCAACATCTCACGACACGAGCTGACGACAACCATGCACCACCTGTCACTCTGTCCCCCGAAGGGGAACGTCCTGTCTCCAGGATTGTCAGAGGATGTCAAGACCTGGTAAGGTTCTTCGCGTTGCTTCGAATTAAACCACATGCTCCACTGCTTGTGCGGGCCCCCGTCAATTCCTTTGAGTTTCAACCTTGCGGTCGTACTCCCCAGGCGGAGTGCTTAATGTGTTAACTTCAGCACTGAGGGTGGAACCCCCCAACACCTAGCACTCATCGTTTACGGCGTGGACTACCAGGGTATCTAATCCTGTTTGCTCCCCACGCTTTCGCGCCTCAGCGTCAGTTACAGACCAGAGAGCCGCCTTCGCCACTGGTGTTCCTCCACATATCTACGCATTTCACCGCTACACGTGGAATTCCACTCTCCTCTTCTGCACTCAAGTCCTCCAGTTTCCAATGACCCTCCACGGTTGAGCCGTGGGCTTTCACATCAGACTTAAAAGACCGCCTGCGCGCGCTTTACGCCCAATAATTCCGGACAACGCTTGCCACCTACGTATTACCGCGGCTGCTGGCACGTAGTTAGCCGTGGCTTTCTGGTTAGGTACCGTCAAGGTACCGCCCTATTCGAACGGTACTT"
"MS106-Premixed.ab1","Bacteria","Pseudomonadota","Gammaproteobacteria","Alteromonadales","Pseudoalteromonadaceae","Pseudoalteromonas","Pseudoalteromonas elyakovii",100,1026,"CCGAGGGTTAGACTATCTACTTCTGGAGCAACCCACTCCCATGGTGTGACGGGCGGTGTGTACAAGGCCCGGGAACGTATTCACCGCGTCATTCTGATACGCGATTACTAGCGATTCCGACTTCATGGAGTCGAGTTGCAGACTCCAATCCGGACTACGACGCACTTTAAGTGATTCGCTTACTCTCGCGAGTTCGCAGCACTCTGTATGCGCCATTGTAGCACGTGTGTAGCCCTACACGTAAGGGCCATGATGACTTGACGTCGTCCCCACCTTCCTCCGGTTTATCACCGGCAGTCTCCTTAGAGTTCTCAGCATTACCTGCTAGCAACTAAGGATAGGGGTTGCGCTCGTTGCGGGACTTAACCCAACATCTCACAACACGAGCTGACGACAGCCATGCAGCACCTGTATCAGAGTTCCCGAAGGCACCAAACCATCTCTGGTAAGTTCTCTGTATGTCAAGTGTAGGTAAGGTTCTTCGCGTTGCATCGAATTAAACCACATGCTCCACCGCTTGTGCGGGCCCCCGTCAATTCATTTGAGTTTTAACCTTGCGGCCGTACTCCCCAGGCGGTCTACTTAATGCGTTAGCTTTGAAAAACAGAACCGAGGCTCCGAGCTTCTAGTAGACATCGTTTACGGCGTGGACTACCGGGGTATCTAATCCCGTTTGCTCCCCACGCTTTCGTACATGAGCGTCAGTGTTGACCCAGGTGGCTGCCTTCGCCATCGGTATTCCTTCAGATCTCTACGCATTTCACCGCTACACCTGAAATTCTACCACCCTCTATCACACTCTAGTTTGCCAGTTCGAAATGCAGTTCCCAGGTTGAGCCCGGGGCTTTCACATCTCGCTTAACAAACCGCCTGCGTACGCTTTACGCCCAGTAATTCCGATTAACGCTCGCACCCTCCGTATTACCGCGGCTGCTGGCACGGAGTTAGCCGGTGCTTCTTCTGTCAGTAACGTCACAGCTAGCAGGTATTAACTACTAACCTTTCCTCCTGACTGAAAGTGCTTTA"
"MS106-Premixed.ab1","Bacteria","Pseudomonadota","Gammaproteobacteria","Alteromonadales","Pseudoalteromonadaceae","Pseudoalteromonas","Pseudoalteromonas distincta",100,1026,"CCGAGGGTTAGACTATCTACTTCTGGAGCAACCCACTCCCATGGTGTGACGGGCGGTGTGTACAAGGCCCGGGAACGTATTCACCGCGTCATTCTGATACGCGATTACTAGCGATTCCGACTTCATGGAGTCGAGTTGCAGACTCCAATCCGGACTACGACGCACTTTAAGTGATTCGCTTACTCTCGCGAGTTCGCAGCACTCTGTATGCGCCATTGTAGCACGTGTGTAGCCCTACACGTAAGGGCCATGATGACTTGACGTCGTCCCCACCTTCCTCCGGTTTATCACCGGCAGTCTCCTTAGAGTTCTCAGCATTACCTGCTAGCAACTAAGGATAGGGGTTGCGCTCGTTGCGGGACTTAACCCAACATCTCACAACACGAGCTGACGACAGCCATGCAGCACCTGTATCAGAGTTCCCGAAGGCACCAAACCATCTCTGGTAAGTTCTCTGTATGTCAAGTGTAGGTAAGGTTCTTCGCGTTGCATCGAATTAAACCACATGCTCCACCGCTTGTGCGGGCCCCCGTCAATTCATTTGAGTTTTAACCTTGCGGCCGTACTCCCCAGGCGGTCTACTTAATGCGTTAGCTTTGAAAAACAGAACCGAGGCTCCGAGCTTCTAGTAGACATCGTTTACGGCGTGGACTACCGGGGTATCTAATCCCGTTTGCTCCCCACGCTTTCGTACATGAGCGTCAGTGTTGACCCAGGTGGCTGCCTTCGCCATCGGTATTCCTTCAGATCTCTACGCATTTCACCGCTACACCTGAAATTCTACCACCCTCTATCACACTCTAGTTTGCCAGTTCGAAATGCAGTTCCCAGGTTGAGCCCGGGGCTTTCACATCTCGCTTAACAAACCGCCTGCGTACGCTTTACGCCCAGTAATTCCGATTAACGCTCGCACCCTCCGTATTACCGCGGCTGCTGGCACGGAGTTAGCCGGTGCTTCTTCTGTCAGTAACGTCACAGCTAGCAGGTATTAACTACTAACCTTTCCTCCTGACTGAAAGTGCTTTA"
"MS108-Premixed.ab1","Bacteria","Bacteroidota","Flavobacteriia","Flavobacteriales","Flavobacteriaceae","Cellulophaga","Cellulophaga fucicola",99.899,988,"TCGCTCCTTGCGGTGAGCGAACTTCAGGTACCCCCAGCTTCCATGGCTTGACGGGCGGTGTGTACAAGGCCCGGGAACGTATTCACCGGATCATGGCTGATATCCGATTACTAGCGATTCCAGCTTCACGGAGTCGAGTTGCAGACTCCGATCCGAACTGTGATAGGTTTTATAGATTCGCTCCTTATCGCTAAGTGGCTGCTCTCTGTACCTACCATTGTAGCACGTGTGTGGCCCAGGACGTAAGGGCCGTGATGATTTGACGTCATCCCCACCTTCCTCACGGTTTGCACCGGCAGTCTTGTTAGAGTCCCCACCATAATGTGCTGGTAACTAACAACAGGGGTTGCGCTCGTTATAGGACTTAACCTGACACCTCACGGCACGAGCTGACGACAACCATGCAGCACCTTGTAAATTGCCCGAAGGAAAGTCTATCTCTAAACCTGTCAATCTACATTTAAGCCCTGGTAAGGTTCCTCGCGTATCATCGAATTAAACCACATGCTCCACCGCTTGTGCGGGCCCCCGTCAATTCCTTTGAGTTTCATTCTTGCGAACGTACTCCCCAGGTGGGATACTTATCACTTTCGCTTGGCCGCTCAGTCCGAAAACCGAACAGCTAGTATCCATCGTTTACGGCGTGGACTACCAGGGTATCTAATCCTGTTCGCTACCCACGCTTTCGTCCATCAGCGTCAATATATTGTTAGTGATCTGCCTTCGCAATCGGTATTCTATGTAATATCTATGCATTTCACCGCTACACTACATATTCTAACCACTTCACAATAATTCAAGACTATCAGTATCAAAGGCAATTCTACAGTTGAGCTGCAAACTTTCACCCCTGACTTAATAGCCCGCCTACGGACCCTTTAAACCCAATAATTCCGGATAACGCTCGGACCCTCCGTATTACCGCGGCTGCTGGCACGGAGTTAGCCGGTCCTTATTCTTACAGTACCGTCACCAGACTACACGTAGT"
"MS110-Premixed.ab1","Bacteria","Pseudomonadota","Gammaproteobacteria","Alteromonadales","Alteromonadaceae","Paraglaciecola","Paraglaciecola mesophila",99.506,1013,"TTTGCAACCCACTCCCATGGTGTGACGGGCGGTGTGTACAAGGCCCGGGAACGTATTCACCGCAACATTCTGATTTGCGATTACTAGCGATTCCGACTTCATGGAGTCGAGTTGCAGACTCCAATCCGGACTACGACGAGCTTTAAGGGATCCGCTTACTCTCGCAAGTTTGCTTCCCTCTGTACTCGCCATTGTAGCACGTGTGTAGCCCTACTCGTAAGGGCCATGATGACTTGACGTCGTCCCCACCTTCCTCCGGTTTGTCACCGGCAGTCTCCTTAGAGTGCCCAACTTAAGGCTGGCAACTAAGGACAGGGGTTGCGCTCGTTGCGGGACTTAACCCAACATCTCACGACACGAGCTGACGACAGCCATGCAGCACCTGTATCTAGATTCCCGAAGGCACCAATTCATCTCTGAAAAGTTTCTAGTATGTCAAGAGTAGGTAAGGTTCTTCGCGTTGCATCGAATTAAACCACATGCTCCACCGCTTGTGCGGGCCCCCGTCAATTCATTTGAGTTTTAACCTTGCGGCCGTACTCCCCAGGCGGTCTACTTATCGCGTTAGCTTCGCTACTCACGGATTAAATCCACAAACAGCTAGTAGACAGCGTTTACGGTGTGGACTACCAGGGTATCTAATCCTGTTCGCTACCCACACTTTCGCACATGAGCGTCAGTTACTGACCAGGGAGTCGCCTTCGCCACTGATGTTCCTCCAGATATCTACGCATTTCACCGCTACACCTGGAATTCCACTCCCCTCTCCAAAACTCTAGCCTGCCAGTTCTAAATGCAATTCCCAGGTTGAGCCCAGGGCTTTCACATCTAGCTTAACAAACCGCCTGCGTGCGCTTTACGCCCAGTAATTCCGATTAACGCTCGGACCCTCCGTATTACCGCGGCTGCTGGCACGGAGTTAGCCGGTCCTTCTTCTGTTGCTAACGTCACAGCTAACGGGTATTAACCGTTAACCTTTCCTCACAACTGAAAGTGCTTTACAACCCGAAGGC"
"MS118-Premixed.ab1","Bacteria","Pseudomonadota","Gammaproteobacteria","Oceanospirillales","Halomonadaceae","Cobetia","Cobetia litoralis",100,1051,"GCCCTCCCGAAGGTTAGGCTAACCACTTCTGGTGCAGTCCACTCCCATGGTGTGACGGGCGGTGTGTACAAGGCCCGGGAACGTATTCACCGTGGCATTCTGATCCACGATTACTAGCGATTCCGACTTCATGGAGTCGAGTTGCAGACTCCAATCCGGACTGAGGCAAGCTTTATGGGATTGGCTCCACTTCGCAGTATTGCAACCCTTTGTACTTGCCATTGTAGCACGTGTGTAGCCCTACCCGTAAGGGCCATGATGACTTGACGTCGTCCCCACCTTCCTCCGGTTTGTCACCGGCAGTCTCCTTAGAGTTCCCGACATTACTCGCTGGCAAATAAGGATAGGGGTTGCGCTCGTTACGGGACTTAACCCAACATTTCACAACACGAGCTGACGACAGCCATGCAGCACCTGTCTCAGAGTTCCCGAAGGCACCAATCCATCTCTGGAAAGTCCTCTGGATGTCAAGGGTAGGTAAGGTTCTTCGCGTTGCATCGAATTAAACCACATGCTCCACCGCTTGTGCGGGCCCCCGTCAATTCATTTGAGTTTTAACCTTGCGGCCGTACTCCCCAGGCGGTCAACTTATTGCGTTAGCTGCGCCACTAAGTCCTCAAGGGACCCAACGGCTAGTTGACATCGTTTACGGCGTGGACTACCAGGGTATCTAATCCTGTTTGCTACCCACGCTTTCGCACCTCAGTGTCAGTGTCAGTCCAGAAGGCCGCCTTCGCCACTGGTATTCCTCCCGATCTCTACGCATTTCACCGCTACACCGGGAATTCTACCTTCCTCTCCTGCACTCTAGCCAAGCAGTTCCAGATGCCGTTCCCAGGTTGAGCCCGGGGCTTTCACACCTGGCTGACTTAGCCACCTACGCGCGCTTTACGCCCAGTAATTCCGATTAACGCTTGCACCCTCCGTATTACCGCGGCTGCTGGCACGGAGTTAGCCGGTGCTTCTTCTGCGAGTGATGTCTTTCCTCGAGAGTATTAATCCCAAGGCGTTCTTCCTCGCTGAAAGTGCTTTACAACCCGAAGGCCTTCTT"
"MS118-Premixed.ab1","Bacteria","Pseudomonadota","Gammaproteobacteria","Alteromonadales","Colwelliaceae","Thalassomonas","Thalassomonas haliotis",100,1051,"GCCCTCCCGAAGGTTAGGCTAACCACTTCTGGTGCAGTCCACTCCCATGGTGTGACGGGCGGTGTGTACAAGGCCCGGGAACGTATTCACCGTGGCATTCTGATCCACGATTACTAGCGATTCCGACTTCATGGAGTCGAGTTGCAGACTCCAATCCGGACTGAGGCAAGCTTTATGGGATTGGCTCCACTTCGCAGTATTGCAACCCTTTGTACTTGCCATTGTAGCACGTGTGTAGCCCTACCCGTAAGGGCCATGATGACTTGACGTCGTCCCCACCTTCCTCCGGTTTGTCACCGGCAGTCTCCTTAGAGTTCCCGACATTACTCGCTGGCAAATAAGGATAGGGGTTGCGCTCGTTACGGGACTTAACCCAACATTTCACAACACGAGCTGACGACAGCCATGCAGCACCTGTCTCAGAGTTCCCGAAGGCACCAATCCATCTCTGGAAAGTCCTCTGGATGTCAAGGGTAGGTAAGGTTCTTCGCGTTGCATCGAATTAAACCACATGCTCCACCGCTTGTGCGGGCCCCCGTCAATTCATTTGAGTTTTAACCTTGCGGCCGTACTCCCCAGGCGGTCAACTTATTGCGTTAGCTGCGCCACTAAGTCCTCAAGGGACCCAACGGCTAGTTGACATCGTTTACGGCGTGGACTACCAGGGTATCTAATCCTGTTTGCTACCCACGCTTTCGCACCTCAGTGTCAGTGTCAGTCCAGAAGGCCGCCTTCGCCACTGGTATTCCTCCCGATCTCTACGCATTTCACCGCTACACCGGGAATTCTACCTTCCTCTCCTGCACTCTAGCCAAGCAGTTCCAGATGCCGTTCCCAGGTTGAGCCCGGGGCTTTCACACCTGGCTGACTTAGCCACCTACGCGCGCTTTACGCCCAGTAATTCCGATTAACGCTTGCACCCTCCGTATTACCGCGGCTGCTGGCACGGAGTTAGCCGGTGCTTCTTCTGCGAGTGATGTCTTTCCTCGAGAGTATTAATCCCAAGGCGTTCTTCCTCGCTGAAAGTGCTTTACAACCCGAAGGCCTTCTT"
"MS118-Premixed.ab1","Bacteria","Pseudomonadota","Gammaproteobacteria","Alteromonadales","Colwelliaceae","Thalassomonas","Thalassomonas haliotis",100,1051,"GCCCTCCCGAAGGTTAGGCTAACCACTTCTGGTGCAGTCCACTCCCATGGTGTGACGGGCGGTGTGTACAAGGCCCGGGAACGTATTCACCGTGGCATTCTGATCCACGATTACTAGCGATTCCGACTTCATGGAGTCGAGTTGCAGACTCCAATCCGGACTGAGGCAAGCTTTATGGGATTGGCTCCACTTCGCAGTATTGCAACCCTTTGTACTTGCCATTGTAGCACGTGTGTAGCCCTACCCGTAAGGGCCATGATGACTTGACGTCGTCCCCACCTTCCTCCGGTTTGTCACCGGCAGTCTCCTTAGAGTTCCCGACATTACTCGCTGGCAAATAAGGATAGGGGTTGCGCTCGTTACGGGACTTAACCCAACATTTCACAACACGAGCTGACGACAGCCATGCAGCACCTGTCTCAGAGTTCCCGAAGGCACCAATCCATCTCTGGAAAGTCCTCTGGATGTCAAGGGTAGGTAAGGTTCTTCGCGTTGCATCGAATTAAACCACATGCTCCACCGCTTGTGCGGGCCCCCGTCAATTCATTTGAGTTTTAACCTTGCGGCCGTACTCCCCAGGCGGTCAACTTATTGCGTTAGCTGCGCCACTAAGTCCTCAAGGGACCCAACGGCTAGTTGACATCGTTTACGGCGTGGACTACCAGGGTATCTAATCCTGTTTGCTACCCACGCTTTCGCACCTCAGTGTCAGTGTCAGTCCAGAAGGCCGCCTTCGCCACTGGTATTCCTCCCGATCTCTACGCATTTCACCGCTACACCGGGAATTCTACCTTCCTCTCCTGCACTCTAGCCAAGCAGTTCCAGATGCCGTTCCCAGGTTGAGCCCGGGGCTTTCACACCTGGCTGACTTAGCCACCTACGCGCGCTTTACGCCCAGTAATTCCGATTAACGCTTGCACCCTCCGTATTACCGCGGCTGCTGGCACGGAGTTAGCCGGTGCTTCTTCTGCGAGTGATGTCTTTCCTCGAGAGTATTAATCCCAAGGCGTTCTTCCTCGCTGAAAGTGCTTTACAACCCGAAGGCCTTCTT"
"MS127-Premixed.ab1","Bacteria","Pseudomonadota","Gammaproteobacteria","Alteromonadales","Pseudoalteromonadaceae","Pseudoalteromonas","Pseudoalteromonas fuliginea",99.899,987,"ACGTCCTCCCGAGGGTTAGACTATCTACTTCTGGAGCAACCCACTCCCATGGTGTGACGGGCGGTGTGTACAAGGCCCGGGAACGTATTCACCGCGTCATTCTGATACGCGATTACTAGCGATTCCGACTTCATGGAGTCGAGTTGCAGACTCCAATCCGGACTACGACGCACTTTAAGTGATTCGCTTACCTTCGCAGGTTCGCAGCACTCTGTATGCGCCATTGTAGCACGTGTGTAGCCCTACACGTAAGGGCCATGATGACTTGACGTCGTCCCCACCTTCCTCCGGTTTATCACCGGCAGTCTCCTTAGAGTTCTCAGCATTACCTGCTAGCAACTAAGGATAGGGGTTGCGCTCGTTGCGGGACTTAACCCAACATCTCACAACACGAGCTGACGACAGCCATGCAGCACCTGTATCAGAGTTCCCGAAGGCACCAAACCATCTCTGGTAAGTTCTCTGTATGTCAAGTGTAGGTAAGGTTCTTCGCGTTGCATCGAATTAAACCACATGCTCCACCGCTTGTGCGGGCCCCCGTCAATTCATTTGAGTTTTAACCTTGCGGCCGTACTCCCCAGGCGGTCTACTTAATGCGTTAGCTTTGAAAAACAGAACCGAGGCTCCGAGCTTCTAGTAGACATCGTTTACGGCGTGGACTACCGGGGTATCTAATCCCGTTTGCTCCCCACGCTTTCGTACATGAGCGTCAGTGTTGACCCAGGTGGCTGCCTTCGCCATCGGTATTCCTTCAGATCTCTACGCATTTCACCGCTACACCTGAAATTCTACCACCCTCTATCACACTCTAGTTTGCCAGTTCGAAATGCAGTTCCCAGGTTGAGCCCGGGGCTTTCACATCTCGCTTAACAAACCGCCTGCGTACGCTTTACGCCCAGTAATTCCGATTAACGCTCGCACCCTCCGTATTACCGCGGCTGCTGGCACGGAGTTAGCCGGTGCTTCTTCTGTCAGTAACGTCACAGC"
"MS129-Premixed.ab1","Bacteria","Bacillota","Bacilli","Bacillales","Bacillaceae","Pseudalkalibacillus","Pseudalkalibacillus hwajinpoensis",99.907,1074,"GGCTCCATAAAGGTTACCCCACCGACTTCGGGTGTTACAAACTCTCGTGGTGTGACGGGCGGTGTGTACAAGGCCCGGGAACGTATTCACCGCGGCATGCTGATCCGCGATTACTAGCAATTCCGGCTTCATGCAGGCGAGTTGCAGCCTGCAATCCGAACTGAGAACGGCTTTATGGGATTCGCTTCACCTCGCGGTGTCGCTGCCCTTTGTACCGTCCATTGTAGCACGTGTGTAGCCCAGGTCATAAGGGGCATGATGATTTGACGTCATCCCCACCTTCCTCCGGTTTGTCACCGGCAGTCACCTTAGAGTGCCCAACTGAATGCTGGCAACTAAGATCAAGGGTTGCGCTCGTTGCGGGACTTAACCCAACATCTCACGACACGAGCTGACGACAACCATGCACCACCTGTCACTCTGTCCCCCGAAGGGGAACGTCCTGTCTCCAGGATTGTCAGAGGATGTCAAGACCTGGTAAGGTTCTTCGCGTTGCTTCGAATTAAACCACATGCTCCACTGCTTGTGCGGGCCCCCGTCAATTCCTTTGAGTTTCAACCTTGCGGTCGTACTCCCCAGGCGGAGTGCTTAATGTGTTAACTTCAGCACTGAGGGTGGAACCCCCCAACACCTAGCACTCATCGTTTACGGCGTGGACTACCAGGGTATCTAATCCTGTTTGCTCCCCACGCTTTCGCGCCTCAGCGTCAGTTACAGACCAGAGAGCCGCCTTCGCCACTGGTGTTCCTCCACATATCTACGCATTTCACCGCTACACGTGGAATTCCACTCTCCTCTTCTGCACTCAAGTCCTCCAGTTTCCAATGACCCTCCACGGTTGAGCCGTGGGCTTTCACATCAGACTTAAAAGACCGCCTGCGCGCGCTTTACGCCCAATAATTCCGGACAACGCTTGCCACCTACGTATTACCGCGGCTGCTGGCACGTAGTTAGCCGTGGCTTTCTGGTTAGGTACCGTCAAGGTACCGCCCTATTCGAACGGTACTTGTTCTTCCCTAACAACAGAGCTTTACGACCCGAAGGCCTTCGTCACTCACGCGGCGTTGCTCCGTC"
"MS130-Premixed.ab1","Bacteria","Pseudomonadota","Gammaproteobacteria","Alteromonadales","Pseudoalteromonadaceae","Pseudoalteromonas","Pseudoalteromonas marina",99.445,1083,"TAACGTCCTCCCGAGGGTTAGACTATCTACTTCTGGAGCAACCCACTCCCATGGTGTGACGGGCGGTGTGTACAAGGCCCGGGAACGTATTCACCGCGTCATTCTGATACGCGATTACTAGCGATTCCGACTTCATGGAGTCGAGTTGCAGACTCCAATCCGGACTACGACGCACTTTAAGTGATTCGCTTACCTTCGCAGGTTCGCAGCACTCTGTATGCGCCATTGTAGCACGTGTGTAGCCCTACACGTAAGGGCCATGATGACTTGACGTCGTCCCCACCTTCCTCCGGTTTATCACCGGCAGTCTCCTTAGAGTTCTCAGCATTACCTGCTAGCAACTAAGGATAGGGGTTGCGCTCGTTGCGGGACTTAACCCAACATCTCACAACACGAGCTGACGACAGCCATGCAGCACCTGTATCAGAGTTCCCGAAGGCACCAAACCATCTCTGGTAAGTTCTCTGTATGTCAAGTGTAGGTAAGGTTCTTCGCGTTGCATCGAATTAAACCACATGCTCCACCGCTTGTGCGGGCCCCCGTCAATTCATTTGAGTTTTAACCTTGCGGCCGTACTCCCCAGGCGGTCTACTTAATGCGTTAGCTTTGAAAAACAGAACCGAGGTTCCGAGCTTCTAGTAGACATCGTTTACGGCGTGGACTACCGGGGTATCTAATCCCGTTTGCTCCCCACGCTTTCGTACATGAGCGTCAGTGTTGACCCAGGTGGCTGCCTTCGCCATCGGTATTCCTTCAGATCTCTACGCATTTCACCGCTACACCTGAAATTCTACCACCCTCTATCACACTCTAGTTTGCCAGTTCGAAATGCAGTTCCCAGGTTGAGCCCGGGGCTTTCACATCTCGCTTAACAAACCGCCTGCGTACGCTTTACGCCCAGTAATTCCGATTAACGCTCGCACCCTCCGTATTACCGCGGCTGCTGGCACGGAGTTAGCCGGTGCTTCTTCTGTCAGTAACGTCACAGATGTGAGGTATTAACTCACACCCTTTCCTCCTGACTGAAAGTGCTTTACAACCCGAAGGCCTTCTTCACACACGCGGCATGGCTGCATCAGGCTT"
